Track ID,Hash
0UaMYEvWZi0ZqiDOoHU3YI,9515647
6I9VzXrHxO9rA9A5euc8Ak,7640672
0WqIKmW4BTrj3eJFmnCKMv,7096891
1AWQoqb9bSvzTjaLralEkT,9125646
1lzr43nnXAijIGYnCT8M8H,9046916
0XUfyU2QviPAs6bxSpXYG4,9046886
68vgtRHr7iZHpzGpon6Jlo,6860016
3BxWKCI06eQ5Od8TY2JBeA,5534413
7H6ev70Weq6DdpZyyTmUXk,7250642
2PpruBYCo4H7WOBJ7Q2EwM,7562521
2gam98EZKrF9XuOkU13ApN,9750021
4Y45aqo9QMa57rDsAJv40A,6781266
1HwpWwa6bnqqRhK8agG4RS,7328146
20ORwCJusz4KS2PbTPVNKo,7328146
7k6IzwMGpxnRghE7YosnXT,8891266
1Bv0Yl01xBDZD4OQP93fyl,7328147
4omisSlTk6Dsq2iQD7MA07,5531287
7xYnUQigPoIDAMPVK79NEq,8656281
6d8A5sAx9TfdeseDvfWNHd,7253172
4pmc2AxSEq6g7hPVlJCPyP,7093766
215JYyyUnrJ98NK3KEwu6d,7171891
0uqPG793dkDDN7sCUJJIVC,9203146
19Js5ypV6JKn4DMExHQbGc,7562521
1JURww012QnWAw0zZXi6Aa,5765641
7DFnq8FYhHMCylykf6ZCxA,5221911
1TfAhjzRBWzYZ8IdUV3igl,7796921
1Y4ZdPOOgCUhBcKZOrUFiS,7491898
6MjljecHzHelUDismyKkba,7718787
67T6l4q3zVjC5nZZPXByU8,7406267
34ceTg8ChN5HjrqiIYCn9Q,7095042
5Q0Nhxo0l2bP3pNjpGJwV1,7406261
6GIrIt2M39wEGwjCQjGChX,5531262
4E5P1XyAFtrjpiIxkydly4,7328126
3H1LCvO3fVsK2HPguhbml0,7796912
3uoQULcUWfnt6nc6J7Vgai,9046892
2nbClS09zsIAqNkshg6jnp,7171887
69ghzc538EQSVon2Gm3wrr,5218791
1kusepF3AacIEtUTYrw4GV,5534462
7oK9VyNzrYvRFo7nQEYkWN,3578132
12qZHAeOyTf93YAWvGDTat,5531317
2jFlMILIQzs7lSFudG9lbo,9203136
4I2GqMe7L2ccMpUbnDzYLH,7640667
5lDriBxJd22IhOH9zTcFrV,5843812
2eJ8ij1T3cNUKiGdcUvKhy,7640636
5y69gQtK33qxb8a24ACkCy,5844381
1X5WGCrUMuwRFuYU1eAo2I,7328136
3utIAb67sOu0QHxBE88P1M,7718772
3jkdQNkDTxxXtjSO4l0o1H,7719386
5c1sfI6wIQEsSUw0xrkFdl,5531261
6sqNctd7MlJoKDOxPVCAvU,5531292
1b7vg5T9YKR3NNqXfBYRF7,3578132
6GIrIt2M39wEGwjCQjGChX,5531262
2HHtWyy5CgaQbC7XSoOb0e,8641261
1MYYt7h6amcrauCOoso3Gx,3578626
3x2mJ2bjCIU70NrH49CtYR,5688037
1Pm3fq1SC6lUlNVBGZi3Em,4359506
1NXTEkIeRL59NK61QuhYUl,1625533
3RGlJJFkWEavxeRQr9ivAd,3656756
0e9hR1vTrzlUvFH5PgA9rY,5609887
7dkbEHIMLoeuG4zXGmzhEH,5532282
7nZnCjIJ8JigdMqJ36yRRm,4752757
2TK2KSrzXD6W01qjXVjNGh,6788212
3nJYcY9yvKP8Oi2Ml8brXt,6943782
4TTV7EcfroSLWzXRY6gLv6,7020012
4cxvludVmQxryrnx1m9FqL,7334388
5CQ30WqJwcep0pYcV4AMNc,2626251
1HZ3cUZUw5htSFmah1V8Ko,4906882
43pmQcgxMMhJu1gPW2ZdNz,5296881
6Vz7vzOpCwKeSQlfViibuY,7797516
4sFbojhVXQv7dBC9PVCcRn,5379386
1dv3ePjze9tPq2pk8eWJdR,7095011
5EWPGh7jbTNO2wakv8LjUI,3578131
1GqlvSEtMx5xbGptxOTTyk,5218792
39C5FuZ8C8M0QI8CrMsPkR,5296881
4aVuWgvD0X63hcOCnZtNFA,5687521
4DMKwE2E2iYDKY01C335Uw,5296942
1AhDOtG9vPSOmsWgNW0BEY,4750656
4CJVkjo5WpmUAKp3R44LNb,5281271
1QEEqeFIZktqIpPI4jSVSF,3343756
2nVHqZbOGkKWzlcy1aMbE7,4751261
6MpMuAuLzFFfwB8QzWL1iZ,2797411
7o2CTH4ctstm8TNelqjb51,5687517
4BP3uh0hFLFRb5cjsgLqDh,7094392
0XIvZ82aDF7JiSi3ZE320u,5281292
3QZ7uX97s82HFYSmQUAN1D,5765641
6UGHk2cmbDC1oidVjXcCKo,5531257
3lpDrxUkr0tIe1kmJvdK7d,5688007
0K6yUnIKNsFtfIpTgGtcHm,5531267
0hBby0yygBY1u3m6tSpZgC,3344027
6cbBAD1AAYVaQR1cx89AZX,4750632
1k0GxoZYv3Yx5mNeXMOZN2,7484417
74tqql9zP6JjF5hjkHHUXp,6703756
4erhEGuOGQgjv3p1bccnpn,8813146
4hRA2rCPaCOpoEIq5qXaBz,7331896
1enx9LPZrXxaVVBxas5rRm,7328762
0WNGsQ1oAuHzNTk8jivBKW,5765636
24psBRmEw3kHjBGZfl1dmb,7641262
06L1apH8kLF47dbhZ4Zg9A,6548757
2qWgqPdW1OiAP8KSBH1b93,7250006
2PTf3zh9UUsgdxQ5b0eXg8,7641257
7tIJDktakabGoHjwTTa35W,6704382
6ToAD7ajJidQTDn72OncDG,6391881
6yEfq48XkEzCg0TwY6Hhkb,6938786
1ZgfAxHQCXLt8o1VXEHHAt,7484396
4b1sQpvL7QVgamRZ74F1oA,7406261
0AO2yQNGcH0ASHHU5lS4lT,4830006
0g1AmSKokPboFrxmG1dxKx,7407546
5S5gGOsUarzRXKoaSstwba,7485021
4z8xFgX0Xq1T9xXomoDLJ2,5453166
4Y6Voc2xpc4lPD5iKpN4o2,7171916
2fRojxstKd6Tz9VziOeo9n,9046891
2BPXILn0MqOe5WroVXlvN1,4908127
1zl7VGjTBriRXgdHEb6z1e,7093812
2MSjhkw47sGrjbZhColyVx,7800016
4ZSLc2F15wKVPjyLt169tt,5378158
67BbMuItfrHmaNqDxBPF7c,9203136
0yiigrFvNj02eIlqM8ZGXf,6314391
0mtuqz4rcMYCKjF1cjmlu6,5609387
7dkX68UnlbaCBWNDWSrthP,7562517
2sdf2x4YLaHb1k9HtE9cBs,5533137
00z4wF0iJsp6GwDkQxkGs6,7718771
0k6ItoyE50QuW50nGYLO2v,7250022
61NMqZzdUmRHw1KdS1honh,7485037
0PibTyOTrNsVfQReWmPhc8,7562516
3JBnDOUd18QKjDqSYuOfpm,6782510
1dzuJ9z66RXuDV3t3gQrFI,5376261
3MdJSXjBarAYuuJ7rjJLDk,4986262
2LowwiemmGMzzNSH1PJprK,7406891
73szhI6oOawKlv6AxgHIS8,7095032
7uzib3dSSwgUwcD3z0k3bR,7093786
23Sp4OKoHAmPehmCFsmWdX,3344386
1Zyd6zQnC6XIIzmg3hP7Ot,7718762
5FxasBmho2yEvgXrzp9MMW,2876881
54ASqOnnhFprbsGtNg9IEZ,7330082
08mBjtIMyRWBh4Y4ubOuiK,6705032
4VFOTZfzXPYGfaA2P43QfP,7093767
23DBqqe35rEZOKJk0qYPVy,9047546
2tnBkiyJWLnQGsjyz4BuJJ,6704381
6RioKpKPuG1vuyU0wnlAZx,7484391
2ujA6F1cpk3m8lsPE5aKua,7093787
3VC1IEz9M1txlMSx3h3tPM,9437546
2FQhL0Cwk69VDrsQEzN9Tn,9518791
3UMjZ9bAT1AnpcWD4aKyP8,7406892
5EzitieoPnjyKHAq0gfRMa,7484392
2eXziVXVdsftkKrKOcyVNX,9281267
7y9Xospz6eMMJBtqELet7d,7407516
08eReCl8B3bV1GA247IGc2,7253132
36FPRDpKyP8hJxPhJs4G17,4991292
5NB0u5gWcwH1D6y3euVSKI,5687541
1jHmGj123EpOxXd9S1PpFF,7484387
6NB81kD2XDeTdNBksV0yxM,5690691
7iV733e1KacKrFRaBNxVEf,4985657
5SE57ljOIUJ1ybL9U6CuBH,5140642
3ryjLm3oupIjJFGc39naNi,7640667
2SYa5Lx1uoCvyDIW4oee9b,7640637
4WJ7UMD4i6DOPzyXU5pZSz,4112251
1Kzxd1kkjaGX4JZz2CYsXB,2065506
6lbLn5iL2NBJnbib7bTXMn,1628532
1rEsbyBuQ0MqKF3dG7B0bf,3578252
5Ss6DqCldgTmIo6BekVOJT,6298132
4yp90BbE4dxPXfGGSpbFwT,4190012
49MHzAcdjObyNqKcRVw3vZ,5535037
0KG3m0KDzDg7uLHqtfTvpJ,2080627
5wNOm5nP4YRv2vywrgpwIq,2720632
0EKH4YxisqaxUMnV2x0ZrW,7718771
3MGo8vd3wIQ7PmHgj9hEdO,4033751
13XifhwLU68h7Z3uCm8GLw,6469281
3MK5vIP1wJqtxQOxp4d3j7,7250522
0nKnz4M421QMOZyXSlw8pk,5453537
0y6J7BPS6JTDkFOB7HIYPt,6781292
7pQcijAjMJ6wAF1wTkR6bQ,6703662
41KIQllu3eKuD4RdLSpzX0,7098781
71l93iUkmRg9jpeAgjN3LU,5296892
2K0HAp3di1AvmIjYYdPk4J,5531762
4RCjEqGNS8xdU4nOhzDp0E,3421912
1sXFe0GAwr8ml6vKTViZLP,3578141
0yh8lUyxqhugZ4pngSJjFO,3734412
6BAwTzs5CWWuaaOpp6mTeL,3578157
7bBEDtVmP86Zli3NmBV17y,5765647
6Y1iE1DeplhVDUgW8QiCaS,7094006
3F2UF9hqzcMIi41dmTvh4e,3578162
0iTpQYzJnYgh7kIxyq8A2O,5297517
202QyrB6Q3Kimsr7KqJut3,5609387
2qpQvKdVtxgTRu4q6xXrL7,7250642
08mEHKuCfCJeRyrJ6x7smE,3812537
3QYB3Ivwqh84aiuxyEjUFo,7093762
13QI6bq0U8HMK7gUpAwFBK,7796891
2vupkXhwL4sNCRgNu72HCZ,7001291
4khStWYsg8yzAku9hgTFW9,5531886
6a5xI87SEuxoeX6riFYEjM,6313757
1PW0MH1EwqC09G0OnnjnT4,7016257
6FBzhcfgGacfXF3AmtfEaX,5064386
2anAr4t1wpiy2qBK9CGnyn,4656907
0hkxAENNrJ18AzHqync5n3,6618162
3tvb5DvwShgHDcpumThLU4,7098762
0KVMFZQKf7FEkgvYQvi8KA,8968757
4hOwgpdVS1x1e2NxWCmDvL,7485036
6lt8N5nSY1EaiyeDRAIwcW,9125012
5XkTer2cNrqMAAYOiqwdJt,7175736
5hs2nY40aeqM0mpP8SBOon,7250696
0tOyrixMQ17NUznPIxYtVD,8891886
3GhsBdS9ulPK3KCdwHRPhG,4422501
4eVNSHRazoHgfYGv3AYFyZ,4908006
4mlqHOqOXja92BT4M51lkj,2080876
52OKylOQQSETWtXncZN3L7,4581132
3hyi4CYvZ3K6EqAI2ja7pl,7796886
3Ex4oMC0UeAQNAG78AuVfi,1390652
590sE8TWkgAscOaLyjvYRl,5297501
6tZUEAbX1M8twwJG26nLPf,3109377
17q3q8wMWgYB8HoqZNNMRT,5140647
6R7gv0TqoBs4CFDhm5uPzr,5609587
6AAWJJ0zamfEVReLLDj4BC,5765636
62Rq7yIwT6p2FFxiszk3dc,3187927
1gMxEMadnj1DIiny9wOAiT,1625028
1KVU56xCG8SqaXRjf9n4Da,6470017
4nZLpgrDO1O8mXI1sPNHov,5610012
3wKt77fHCmjWRXkmkYTxrl,2548751
3g2gQMeeQAEPztiQKMlGSl,5140642
5pBqIndYOFIWDQPu035Etz,8251502
0yegUfm5PJuspjElvwHFt8,6533131
3vZTUFGoEFSId655tfKCFE,7000056
2yXfkGdRTSPgSFJfOGsLhk,6860017
6J7c3Fg5Bey55neqioLLvd,4112132
2U4FtN8jDqDKSzGpVC1iLf,3656273
4fmU11hc9cNOvnD1rvddUl,3265752
5aVCrbz2wVTA4OFxYd8ZGA,5531257
2H1l4JczUDbiWfQtQElB05,7171921
0CyRloqqjpeKEAd3cO6J6z,7173516
0mDkcTvD6fK9suYR72zhs6,6703286
71EHOyEOhNx1SzTebRRyng,6703137
5pP3sLkAVZ03hyJ6SbsprC,5765667
2agjAJh3xazIV2IX5U2cdD,4580032
03AhYPRQeOqG2j54Tdg94E,7546967
3kdSHY9ZQIjyg4Q68YG4Qz,5843767
7nxvjIWrvrxRHlVgHFFbt1,5531292
5Dsp18WXBOCw8Td6bFi8lf,7093772
2l0O0fvf9dTcCZK0fgPTNC,5140647
7svpAkwc6xaSxlbZ7V7JiS,4502376
6bKHrmhfMFhlXqYR6zfPt9,3500502
09ZmxJH8zykIMTsEhjT3yw,2549376
69tms8bn7pYZck6hJw6X1e,4424681
36cNPxDZocGVGmyQF2BR6a,3187506
1lB6TCFlx4f50wdetOuGcT,6454391
4tPFEWRuNQhibDQSGB2PVE,3578166
2LXPIpt45CJ2dorhMNCE0F,1781277
1FS4e2J4JeNZKDtcdQpUmn,3578537
77VzCVHQgX613AkssBWK8M,3578537
7lr5a1V6SZuv1RWFSUOOHe,3734901
30cHDhxUqgnHq78hv5UjMx,5531297
7331X4zR3C2eaLh5iHN98k,3110387
3GOO81yxm6EZLkiXLs2sx2,5453251
2GTvMc0CnmT48LPTG4zhxh,5220267
3O7HL3mzobCIxzErIMijxJ,3890642
2cPakJlrL2RxaIMC5K5lB3,3578546
5La66MFvn7AX8ZjXu2s8l8,5298136
48VtPhyDClvvQWMia21xwH,3015632
4qmTT2IkNy6vb2BPxNW8tY,8640641
6Xio661Y2iL7SDKFFOG9cv,9281256
34MRi5GRWHFUa731JBxFEl,9050016
3vUTaQZGXUTqgYWNUZiNW8,3955031
2GuPNzwxzITYQJYxgr8Khv,5453136
01rgZI4xYSpyp4EFrdcS5E,5531292
5rKor0rlCbaA7j755zhnhb,2875006
7wqu4L2r2BveD3Yzdwfi2h,5531517
4sNG6zQBmtq7M8aeeKJRMQ,7171892
6zMuIP4BLELTkbr7n0qpyo,5218762
2x5Frs6ts14U4MSLrQQlXg,6704391
2QIvd2Uow99gv5kBBbtf3y,6938766
2A6arq0CZXZZiwL4Wp6J2Y,2408786
2gkTMvu0sq40EvgF3v9dpQ,3890662
4i06BSlWZ9lkxmpyZgRT3W,3578181
5JtkB8lBYFR88hNt3XPuPY,3890661
5EE7Ft0jwP5njgtCbcUTtK,3812626
0OKa57fGBeZULZaE6snoxt,5141782
1M3LdcjVPP3O5yGaNlVSfy,3096757
0RWSIl4scCq0jlHUJZiLWO,5453127
2Q6WpyCt5X8Ix4hPPpTsxg,6704887
1NodY8JMQCZAwpNd6Rsqew,2080626
1vEL8XndGbyYAGvK49CzUE,4907877
4qIrNr9OnHrQhpODZcmulH,7328766
37vOv8JYJRsqfPAUQIfpRh,6392501
4iCGSi1RonREsPtfEKYj5b,3344157
5qqabIl2vWzo9ApSC317sa,3578137
0c1gHntWjKD7QShC8s99sq,3187527
7p2aGxnxFYf6VLQPEYirPO,7093766
6qspW4YKycviDFjHBOaqUY,6703767
3Y8Ff1nH44jFywAtpgmleZ,7172147
1Jaah2tmN9Hv81A87KZ1MU,5687591
4ARhdB2FzpXcko8T03YVen,6704381
68ZD7M5tOBBM0N5XWRECoD,7093757
6G8fblD9DbcEmaKOKDy3XL,2002501
3Z9PJ6xiEGmcqo2hESEB5n,3812562
3TW48DvQ7ChwY1Yy1tkMaP,7093761
3rfDfPjgHDQ1BUaSHr9xoI,4750006
6si71supnBUhddjR2FJc2L,4906882
3XEtw7t4V5sfd2vtkp0ql7,6938146
6HS5QOvhd4w3XqJMDaEWcv,8812511
1OFKUn2VLafrHj7ybnap0Q,5687511
61LtVmmkGr8P9I2tSPvdpf,8969386
5Q0Nhxo0l2bP3pNjpGJwV1,7406261
1V4jC0vJ5525lEF1bFgPX2,9437507
3XVozq1aeqsJwpXrEZrDJ9,9046886
6eE6akYdf9w2rZUOIMwSgw,5454417
0CAfXk7DXMnon4gLudAp7J,9359382
5bitEcj72xFL3yv9ZS5fkE,9203212
4Ow5x7P5NAAR1jPoskudoA,7171907
3S2R0EVwBSAVMd5UMgKTL0,7796996
7MCNnnmwm7TXMh7xyNGohi,9050017
0XUfyU2QviPAs6bxSpXYG4,9046886
12lZTPlXwUtrQuhEty6098,7250017
3Xv5C02Wxlek0dmrYAM5A8,9206287
3zByVQLvdXUaDTubfWkpCk,4267536
07Tx168RSsUS1HqkDIOZbH,6862546
1dzQoRqT5ucxXVaAhTcT0J,9046891
0jDWRUbxSn8zQlwFbeLHwo,7093797
0DiWol3AO6WpXZgp0goxAV,7093787
1dzQoRqT5ucxXVaAhTcT0J,9046891
6ebkx7Q5tTxrCxKq4GYj0Y,7484387
4QNpBfC0zvjKqPJcyqBy9W,7718787
7mitXLIMCflkhZiD34uEQI,7250032
6qn9YLKt13AGvpq9jfO8py,7093767
0VZ9xPNa6ROafP6GYYuv2S,2408761
3H1LCvO3fVsK2HPguhbml0,7796912
1oHNvJVbFkexQc0BpQp7Y4,7406292
0CmIALzGn4vHIHJG4n3Q4z,611282
5uuJruktM9fMdN9Va0DUMl,9265646
5qnk7XRdHF0OLUVexVaRCp,9125017
682nhC3aQtY9HwrC2P2vz4,7487512
5bitEcj72xFL3yv9ZS5fkE,9203212
6e8Ou0wiqAzIpWb2eSxll8,8656271
5ChkMS8OtdzJeqyybCc9R5,9359396
14CsUVcoKztExH6aSgfrfb,7250012
3ogtSrlbtiTamktbA0hw0E,5296881
1Slwb6dOYkBlWal1PGtnNg,6704386
6SKwQghsR8AISlxhcwyA9R,7797512
14J3PO0VnhtcRa31r7Aj1L,5296887
2qLMf6TuEC3ruGJg4SMMN6,6703767
754kgU5rWscRTfvlsuEwFp,5218761
5j9iuo3tMmQIfnEEQOOjxh,7484386
5GorFaKkP2mLREQvhSblIg,6703127
3Fzlg5r1IjhLk2qRw667od,7796921
2yNUAnFrAJkV0eilMxeA19,7718772
557un1HgwYMuqfWGSTmnxw,4753133
1qHXpsRP2gwteJCPUrc9wA,7251257
70cTMpcgWMcR18t9MRJFjB,7093817
2y4lAQpi5VTNLu2ldeTdUH,7093786
02UnamzTn2rySwzcMkq5qx,5375657
27rSEMh30XdxOgQX7AKSaM,5531316
4t7sDpxqkUdcYHA32s9XjQ,5218757
1SLikaDhWhhhnLJC58bkFI,5687541
4YjjNHtEsTX6Af4mCTupT5,4751882
59tG0RUCwkbLQtJCf8xJkq,5531267
5xS9hkTGfxqXyxX6wWWTt4,5453137
2CEgGE6aESpnmtfiZwYlbV,7171896
2CAK2t1reUgPK6OMgAMURB,7484381
70cTMpcgWMcR18t9MRJFjB,7093817
1jdNcAD8Ir58RlsdGjJJdx,6705006
2QQuKHdhPoAJchgY0HPw96,7250042
3bC1ahPIYt1btJzSSEyyrF,7484416
2LEF1A8DOZ9wRYikWgVlZ8,7484417
3TZwjdclvWt7iPJUnMpgcs,9125021
27AHAtAirQapVldIm4c9ZX,7093786
1NNDZc9BHaWe9JqIsPRlNV,9203141
2CAK2t1reUgPK6OMgAMURB,7484381
6i0eXvRAbVKD1EZFrXvur8,4906263
1hDYcjBSsAShpTSekSyyzC,5687512
5j9iuo3tMmQIfnEEQOOjxh,7484386
2TR7A4ulH9R1PNwMyd8o8U,5765692
2bEvCSQQha48I5ZQUCvLzP,9046886
5HuqzFfq2ulY1iBAW5CxLe,7015637
6FE2iI43OZnszFLuLtvvmg,7093766
3x2YIvkLcxvZQsA5x6xyIR,7562511
6YUTL4dYpB9xZO5qExPf05,5609392
3DmW6y7wTEYHJZlLo1r6XJ,6703151
7fYbFYt7X4FZvuJJC90EX0,7093766
3bidbhpOYeV4knp8AIu8Xn,7484397
3cHyrEgdyYRjgJKSOiOtcS,5843767
78OGRRDepogg627XCOQ265,3812587
4SDywo3ykB2PEthjXvo1UP,3265641
229SqGbacrLSBfb9XfJczF,5375282
0orNm6qQT2B5WFi0l7l3PV,7484386
1hWQvA6oGVJ2mAVsZ59AaV,6703801
56SkdBKyR2zOkjk6wVFI9s,7328146
6y20BV5L33R8YXM0YuI38N,4750042
6xy6jNeNTYwjnKTDzMyHw2,3343782
0rK3iUuoyQp6QReDPzwlYD,5765656
2k5lMt43DRIoEZPuswnULH,5516252
3gN4UFoOnRHlMl3K4kU5zG,1625638
37gYTPAIfSk7igC3cpf7BL,7640661
1xpd5XqLsrQDBa81ON2kOb,5375136
4g3Ax56IslQkI6XVfYKVc5,7093766
4VrWlk8IQxevMvERoX08iC,3187511
6kwAbEjseqBob48jCus7Sz,5375012
0hAMkY2kwdXPPDfQ1e3BmJ,5531297
0GOFjHM4255TjilQwVhauV,6548411
3BagxjtKfR4fP85ePlUTDn,6312511
34i4yxPrHWquuR4kjiivFO,7016286
0UE0RhnRaEYsiYgXpyLoZc,6468756
78rIJddV4X0HkNAInEcYde,7484391
38tpcZDofjtDNunMm5w1EU,7484392
7urOj7zwJa2rG5eWc7Nz4W,6313762
7ol59kVwq3DQyyjKZ2DRzy,5141262
6HyrSFRDUvVHPe3BjwdYX8,6939411
4ezoLNETAkSv2XJ3ALB6Fg,4750632
6bpBsotzL05UzS1rHsIqk8,7016876
4SlGszCL8Kxamm9ngmA1tJ,4361251
6Wt5QBzHp9vdSLAFlvdnDQ,6710643
3cdcT7I1xnQqQ84zMCtrKU,7800011
4B1Gq9foMAhAgkAaLTSaTl,6704387
2WQn7Yvs728KZmmY6tgWqH,5140627
33wIYOxUVvm1AahfX3e5aC,8813137
57awyWlR4Itwb2DFIFmd9i,7093762
1EqLuIHIWIoFt1xAFXGZSC,4908752
3kxfsdsCpFgN412fpnW85Y,6312517
3zgs1f6Tj0mn29qTXJuhSY,6939392
0VaIsQoIQY10uxBrOyZ5cQ,6938771
30msOgLWuLnrO0MWIG4ifE,4907877
197GCAEeZKnKK7jepxfkr3,7640661
5JZdu2fK7qvJgg0DfVmJe5,5375016
5IuIwaz6gNFchVPbcOXP5o,6703136
3CvHIZRmspOwwcTk1lXkPI,7640662
03WuFsWpkytZ6c5iidS8Im,6860007
41yIvlFgvGwxq8qTqAR7eG,4752511
4JCDHdAOljjI8whcMxjPji,6859386
7hxCyFGWD2WDYjdpuqQAHr,6782516
7Js278ET3O52ymQd8LU5bq,4893626
6GlgDtL8PEcOhLMQqjLtyM,7797512
3aWPdd6U1xbsIEGEpUaPyQ,6844627
41OmOCUlaG3xcfLr1Di3di,4516257
00cSN1TMyHZErfyJbLMB05,8813396
5V3hSY2IaNgsQLuG4MbfXL,8969381
57awyWlR4Itwb2DFIFmd9i,7093762
7MuFGunTQHcPZerT84jmKw,4892627
5hmjpbBTy8TxV9wDKifSub,4517507
79kGTUTQNIwnOr3Zck04vB,4516876
7e0agBdgTU6r9hPM3rb9FY,7251257
5IzsN9YiN576rmX3fgDgXl,5298137
6Gf9L0RePGpCHaFIXCMZN4,5296876
1BltsyC5W3SAABdxyrDXwi,5140637
4wBzcbZPAkMC6gpKsr84a9,5140651
2H881m3JRA8lpuuwaQL6zy,7406886
5efuBeQd7Y2Q2kXOeiMpRo,7251886
3re97KCFI7Lt6pRfxdC8KL,6859392
67M8Sg4R7bEidOf0cag0Ld,7484411
0B3x40yF0GalVYyje2jMLG,7250021
4iLqG9SeJSnt0cSPICSjxv,7171891
3ketLARvge2nsOPpQdJ1gQ,4984377
2c4QEzLpcIQ6vPRJ26XQqg,5531307
1MoDk4XDqdX25GXaRfXY2O,5453132
5atlAt28h9xM5wxPspr5MU,5297517
2XTkpF9T2PKvcLgamGJGx1,3812512
2PGaYCles9SXXCjYOcjyfk,5609397
5xoUgPXbMNUmoHU0Enwtwq,5688147
6oXUzxFOfdXbD8ivAfAraN,5687541
3omXshBamrREltcf24gYDC,5140686
5LlsD7LdSMkGV4Iu0a2Zq0,5531637
2kP1ujXHn0mNqFbiT3zob8,3500006
3dEFa9KjOLEZl980ctEEv1,5765662
0MKqeOVdZcUFGJvWpGCKbG,4593877
5cm47Nc1MWBVIkRFaXxvHY,5531657
5TGYo4MrNKqIvJqgx134py,5843756
7IWu3uIUIYIeafzwv582Ho,5687532
0PAlrNkCRRHv7hShF5s7Rr,3343753
35weSxL477aChs1wx7oZS5,4502512
6mORGLOz79w6VsCRLWYYuK,4596452
5V1AHQugSTASVez5ffJtFo,4751887
6QgjcU0zLnzq5OrUoSZ3OK,9046891
4iEOVEULZRvmzYSZY2ViKN,7563771
3pi3WlGV7JinOxzqnBkNFi,5843812
0GO8y8jQk1PkHzS31d699N,5609381
3H7sv3Krffn15BufUuXzf3,3500012
4DRBaZ760gyk7LWnaJFqsJ,5297547
0q6LuUqGLUiCPP1cbdwFs3,7094012
5dKBaysNJtfpyNTRa5lqDb,5531272
4joiWvli4qJVEW6qZV2i2J,4750671
2RlgNHKcydI9sayD2Df2xp,2720662
4duRCqphyoANSfH8oUl6c2,7250017
1YLJVmuzeM2YSUkCCaTNUB,5687507
37kTASujIfZZ27NV7PfIrf,6859406
4hAhyE1iL07EIUJnqw2bsV,5453161
3arKRnq9OUd7yq6LRwVW8I,6859391
1vYew137WJ69SFp9oez3xm,8265646
1e0hllQ23AG0QGFgezgLOq,2174381
5yc59J3MR3tVDPTOgwgRI5,7484392
3oP2vxUR2bjFCrU9YolGnM,3421882
7DD7eSuYSC5xk2ArU62esN,5296891
7uEcCGtM1FBBGIhPozhJjv,4906892
3UDmHZcBTQp8Iu8droNtUl,5690667
2Tuc96S4JToUiQSLW3aMec,6314387
3ReFBi6pcCj7IOeb2bsMgV,5140692
1UOuZs8BPGMM6Ls0jP6BjQ,5063131
42DSTal38NakfMCu7RuNcv,5687517
43O3Iu8mDJy10i6k8SVRXX,7484391
6uvT4Di9ZRBw5cbexZJDts,7001261
6uvT4Di9ZRBw5cbexZJDts,7001261
4YZFC2igC3mzuktFHSF9mY,5141287
17Vry8h1fUTYg8NL6pHhem,5531291
3oW6SWwGqiZSPTiAp7ZQoH,5297537
2LbOTztU3giUjjYmgtKgj3,5531272
0nJzekxLI0x35YtKg0FdZ2,5846892
391R7sGZ4SX7qPdpAsfiGW,6860006
1kRlt3v0NI6OLhyMkZZAee,4828136
24Nt4OalWDICkEKVy81X6k,5688142
0ToT7hkqQq1L91VtznrmGX,6703791
2VN8jqhBgwIsU849PKxCfE,6703762
3IFcgzuNTeAGyReULkmYFj,7095016
4s6Q9zPmiYcpo5MR7uoVnt,5843772
58e5NT8x76aW7vfg2HxIpi,6860666
1r717VaFVWg0GpgMGwWssL,3017523
